{
  "experiment_name": "20250906_171637_mvtec_unet_vae",
  "results": {
    "auroc": 0.7037815126050421,
    "aupr": 0.8424219437773512,
    "threshold": 0.2777911126613617,
    "accuracy": 0.6494845360824743,
    "precision": 0.6494845360824743,
    "recall": 1.0,
    "f1": 0.7875
  }
}