{
  "experiment_name": "20250906_171558_mvtec_vanilla_vae",
  "results": {
    "auroc": 0.4087301587301587,
    "aupr": 0.6340677228090612,
    "threshold": 0.32415613532066345,
    "accuracy": 0.6494845360824743,
    "precision": 0.6494845360824743,
    "recall": 1.0,
    "f1": 0.7875
  }
}