{
  "timestamp": "20250906_152640",
  "results": {
    "auroc": 0.6774042950513539,
    "aupr": 0.8317878860157806,
    "threshold": 0.6680632829666138,
    "accuracy": 0.6494845360824743,
    "precision": 0.6494845360824743,
    "recall": 1.0,
    "f1": 0.7875
  }
}