{
  "timestamp": "20250906_153925",
  "results": {
    "auroc": 0.4708216619981326,
    "aupr": 0.6369990524844684,
    "threshold": 0.3066023886203766,
    "accuracy": 0.6701030927835051,
    "precision": 0.6631578947368421,
    "recall": 1.0,
    "f1": 0.7974683544303798
  }
}